Dataset,Model,Accuracy,AUC,F1,Precision,Recall
CelebDF (test),Multi-Dataset MLP,99.08866995073892,0.9995360748478928,0.9901069468690908,0.9940939597288749,0.9861517976005695
CelebDF (test),Robust Ensemble,54.70443349753695,0.6618178434862718,0.10554474549556842,0.6078431372378755,0.057789613848048496
CelebDF (test),Mahalanobis Baseline,47.77093596059113,0.47488858688606106,0.45732565079659254,0.4401477832501474,0.47589880159660214
FaceForensics++,Multi-Dataset MLP,98.59416162111523,0.9968254706295557,0.9915006145880435,0.9930406974530023,0.9899653112498583
FaceForensics++,Robust Ensemble,30.697700737499293,0.5421422134673319,0.31967658009882777,0.8553357333947038,0.196572113888389
FaceForensics++,Mahalanobis Baseline,50.075133133397465,0.4992607124131642,0.6241456302335412,0.829060044011213,0.5004516368990761
Stable Diffusion,Multi-Dataset MLP,,,,,
Stable Diffusion,Robust Ensemble,,,,,
